{
  "project_info": {
    "project_number": "711992587880",
    "project_id": "eventmagic-73de9",
    "storage_bucket": "eventmagic-73de9.appspot.com"
  },
  "client": [
    {
      "client_info": {
        "mobilesdk_app_id": "1:711992587880:android:fdb70e875bd7d990c46ddd",
        "android_client_info": {
          "package_name": "com.example.eventmagic"
        }
      },
      "oauth_client": [
        {
          "client_id": "711992587880-n0mviv40b02l7m8k8oacnh8naki9qk8e.apps.googleusercontent.com",
          "client_type": 3
        }
      ],
      "api_key": [
        {
          "current_key": "AIzaSyAZ1z2OMgRvc-GWFF5ZZ5fACnZ_r-sdR3s"
        }
      ],
      "services": {
        "appinvite_service": {
          "other_platform_oauth_client": [
            {
              "client_id": "711992587880-n0mviv40b02l7m8k8oacnh8naki9qk8e.apps.googleusercontent.com",
              "client_type": 3
            }
          ]
        }
      }
    }
  ],
  "configuration_version": "1"
}